tag,link
VerbForm,docs/general_guideline/Features/VerbForm.md
Gender,docs/general_guideline/Features/Gender.md
Number,docs/general_guideline/Features/Number.md
Person,docs/general_guideline/Features/Person.md
Polarity,docs/general_guideline/Features/Polarity.md
Mood,docs/general_guideline/Features/Mood.md
Shared,docs/general_guideline/Features/Shared.md
Subject,docs/general_guideline/Features/Subject.md
Tense,docs/general_guideline/Features/Tense.md
NumberBis,docs/general_guideline/Features/NumberBis.md
_index,docs/general_guideline/Features/_index.md
_index,docs/general_guideline/Syntactic_relations/_index.md
flat,docs/general_guideline/Syntactic_relations/flat/flat.md
conj_dicto,docs/general_guideline/Syntactic_relations/conj/conj_dicto.md
conj_coord,docs/general_guideline/Syntactic_relations/conj/conj_coord.md
conj_appos,docs/general_guideline/Syntactic_relations/conj/conj_appos.md
_index,docs/general_guideline/Syntactic_relations/conj/_index.md
mod,docs/general_guideline/Syntactic_relations/mod/mod.md
udep,docs/general_guideline/Syntactic_relations/udep/udep.md
compound,docs/general_guideline/Syntactic_relations/compound/compound.md
_index,docs/general_guideline/Syntactic_relations/macrosyntaxe/_index.md
discourse,docs/general_guideline/Syntactic_relations/macrosyntaxe/discourse/discourse.md
parataxis_parenth,docs/general_guideline/Syntactic_relations/macrosyntaxe/parataxis/parataxis_parenth.md
parataxis_obj,docs/general_guideline/Syntactic_relations/macrosyntaxe/parataxis/parataxis_obj.md
parataxis_insert,docs/general_guideline/Syntactic_relations/macrosyntaxe/parataxis/parataxis_insert.md
_index,docs/general_guideline/Syntactic_relations/macrosyntaxe/parataxis/_index.md
vocative,docs/general_guideline/Syntactic_relations/macrosyntaxe/vocative/vocative.md
dislocated,docs/general_guideline/Syntactic_relations/macrosyntaxe/dislocated/dislocated.md
comp_obj,docs/general_guideline/Syntactic_relations/comp/comp_obj.md
comp_aux,docs/general_guideline/Syntactic_relations/comp/comp_aux.md
comp_cleft,docs/general_guideline/Syntactic_relations/comp/comp_cleft.md
comp_obl,docs/general_guideline/Syntactic_relations/comp/comp_obl.md
comp_pred,docs/general_guideline/Syntactic_relations/comp/comp_pred.md
_index,docs/general_guideline/Syntactic_relations/comp/_index.md
subj,docs/general_guideline/Syntactic_relations/subj/subj.md
number,docs/general_guideline/Particular_construction/number.md
disfluency,docs/general_guideline/Particular_construction/disfluency.md
comparative_construction,docs/general_guideline/Particular_construction/comparative_construction.md
reported_speech,docs/general_guideline/Particular_construction/reported_speech.md
coordination,docs/general_guideline/Particular_construction/coordination.md
_index,docs/general_guideline/Particular_construction/_index.md
expletiv,docs/general_guideline/Deep/expletiv.md
relcl,docs/general_guideline/Deep/relcl.md
lvc,docs/general_guideline/Deep/lvc.md
pass,docs/general_guideline/Deep/pass.md
agent,docs/general_guideline/Deep/agent.md
name,docs/general_guideline/Deep/name.md
tense,docs/general_guideline/Deep/tense.md
fixed,docs/general_guideline/Deep/fixed.md
scrap,docs/general_guideline/Deep/scrap.md
x,docs/general_guideline/Deep/x.md
emb,docs/general_guideline/Deep/emb.md
_index,docs/general_guideline/Deep/_index.md
caus,docs/general_guideline/Deep/caus.md
ADP,docs/general_guideline/Upos/ADP.md
AUX,docs/general_guideline/Upos/AUX.md
ADJ,docs/general_guideline/Upos/ADJ.md
X,docs/general_guideline/Upos/X.md
ADV,docs/general_guideline/Upos/ADV.md
SYM,docs/general_guideline/Upos/SYM.md
SCONJ,docs/general_guideline/Upos/SCONJ.md
CCONJ,docs/general_guideline/Upos/CCONJ.md
PART,docs/general_guideline/Upos/PART.md
DET,docs/general_guideline/Upos/DET.md
VERB,docs/general_guideline/Upos/VERB.md
PRON,docs/general_guideline/Upos/PRON.md
INTJ,docs/general_guideline/Upos/INTJ.md
PUNCT,docs/general_guideline/Upos/PUNCT.md
PROPN,docs/general_guideline/Upos/PROPN.md
other_pos,docs/general_guideline/Upos/other_pos.md
NOUN,docs/general_guideline/Upos/NOUN.md
_index,docs/general_guideline/Upos/_index.md
NUM,docs/general_guideline/Upos/NUM.md
CorrectForm,docs/general_guideline/Misc/CorrectForm.md
ExtPos,docs/general_guideline/Misc/ExtPos.md
Idiom_Titles,docs/general_guideline/Misc/Idiom_Titles.md
Reported,docs/general_guideline/Misc/Reported.md
Word_TextForm,docs/general_guideline/Misc/Word_TextForm.md
Typo,docs/general_guideline/Misc/Typo.md
_index,docs/general_guideline/Misc/_index.md
